Frame;Elbow Angle;
0;-177.48624854643464;
1;-177.0663298942173;
2;-176.8113419652505;
3;-176.12842733635915;
4;-175.40032569308974;
5;-175.6554200381875;
6;-177.146563891686;
7;-178.18537333583023;
8;-178.72015136560702;
9;-179.20698153384555;
10;-179.66111510042623;
11;-179.79145720492642;
12;179.26991164846078;
13;178.80571247399448;
14;178.72908574786007;
15;177.58876550354364;
16;177.95055001405703;
17;179.52069248911397;
18;-178.42296729638232;
19;-178.05728493515844;
20;-178.16544289222125;
21;-177.72605996983083;
22;-176.12918757345716;
23;-175.48405522226284;
24;-174.96231933645763;
25;-174.59862421783114;
26;-174.81913343723468;
27;-174.83707621175643;
28;-174.97972375475192;
29;-174.85810035735074;
30;-174.2488073477415;
31;-174.16630751975805;
32;-172.25293709736903;
33;-171.56615991000697;
34;-168.24229320431294;
35;-164.2568361396054;
36;-159.60397547173034;
37;-160.0784084156473;
38;-157.3637419723402;
39;-156.09772336177966;
40;-155.81961220761679;
41;-156.11483018223132;
42;-153.63784440228412;
43;-152.95311983710707;
44;-151.12886348135314;
45;-147.30312000302214;
46;-148.08498700692041;
47;-146.7211772022445;
48;-145.7258808972545;
49;-146.33328368200537;
50;-147.43794027727836;
51;-146.82134650978546;
52;-145.90605766857882;
53;-145.54889752595614;
54;-146.3857278811493;
55;-146.68344808304806;
56;-146.42931830821576;
57;-146.79949611829272;
58;-145.50045119362656;
59;-145.7047615028187;
60;-145.6028217509457;
61;-145.47673065661772;
62;-145.36418025583984;
63;-144.6810298741118;
64;-144.48366498199846;
65;-144.07533763971577;
66;-142.29786381450208;
67;-142.6943651914082;
68;-142.96006527568733;
69;-141.80893614752262;
70;-140.1141490076396;
71;-139.33606673064972;
72;-138.23993903994312;
73;-136.29850668478306;
74;-134.31710227389357;
75;-132.49394182828348;
76;-132.0035326456262;
77;-130.01294271980674;
78;-125.4740218585855;
79;-119.4615104214875;
80;-113.52130413400464;
81;-112.94896609288277;
82;-108.08793650899294;
83;-107.0855603615068;
84;-105.3565320045624;
85;-104.93259118146742;
86;-101.44530323063705;
87;-100.81404427318994;
88;-99.57191533512822;
89;-99.15804279188912;
90;-97.29436628114816;
91;-97.0369472539461;
92;-95.76034694139828;
93;-94.36820236423516;
94;-93.09846125772417;
95;-93.20879089301467;
96;-93.5521565613867;
97;-93.43914328228054;
98;-93.4005562368471;
99;-92.85437518182592;
100;-92.60273911918718;
101;-91.88789456793819;
102;-91.5469004784194;
103;-90.92055584541045;
104;-90.23410269560632;
105;-89.2114023890775;
106;-88.79059385731885;
107;-88.22175368381107;
108;-87.34557507885216;
109;-86.90691910786117;
110;-86.42936784381824;
111;-86.2050233563568;
112;-85.30606027715959;
113;-85.77368299053805;
114;-85.65420659466989;
115;-84.76323966933606;
116;-84.02382644903336;
117;-84.72601015190475;
118;-85.17658963578984;
119;-85.00116878218157;
120;-84.37221210267363;
121;-83.72762027831081;
122;-83.48001420076042;
123;-83.03880477016685;
124;-82.6139086269591;
125;-81.42565645240923;
126;-81.06860343336673;
127;-80.4082098639569;
128;-80.0101587429233;
129;-80.08842029742897;
130;-80.39406131181947;
131;-80.39968622506693;
132;-80.29026509582052;
133;-79.98749014686227;
134;-79.86852182361424;
135;-79.80602841000147;
136;-80.24569717566794;
137;-80.12272628854234;
138;-80.04114503320459;
139;-79.90996632704861;
140;-80.27888029690897;
141;-80.37623322140233;
142;-80.4797839319565;
143;-80.67288709295491;
144;-80.55584078888641;
145;-80.62603524870404;
146;-81.04281184223211;
147;-81.22631569775956;
148;-81.34439668029931;
149;-81.31151403760605;
150;-80.94767025073098;
151;-80.6726597219451;
152;-80.64962880812229;
153;-80.47203882845653;
154;-80.23736764037386;
155;-79.77670777646775;
156;-79.35211228148941;
157;-79.13135255534793;
158;-79.04539559194394;
159;-79.07255822091854;
160;-79.05676563017118;
161;-79.27492321522689;
162;-79.25643989638856;
163;-79.47137745713859;
164;-79.56761104334413;
165;-79.6938996719152;
166;-79.84919621378286;
167;-80.32189606219427;
168;-80.54983242511697;
169;-80.87683067157437;
170;-80.84762491736419;
171;-81.1825593676863;
172;-81.35312875946879;
173;-81.33018891107967;
174;-81.04219452190651;
175;-80.77839972605166;
176;-80.66389169311189;
177;-79.66021558068637;
178;-79.30134325494755;
179;-79.44662239809716;
180;-80.30396955471686;
181;-80.33957031217926;
182;-80.3446622470015;
183;-80.67989533988478;
184;-80.90898472513055;
185;-81.07846277493358;
186;-81.34117885958568;
187;-81.18551856244716;
188;-81.69752559846337;
189;-82.86183496252481;
190;-83.11378400103177;
191;-83.36156972640963;
192;-83.68109079417303;
193;-83.70643925009247;
194;-84.35513831900633;
195;-85.20150729740297;
196;-85.97163524795394;
197;-86.26627388261134;
198;-86.50244497509567;
199;-86.58960671073969;
200;-87.294358974884;
201;-88.03224840644458;
202;-90.31669699762456;
203;-91.27623152628492;
204;-92.54238046256059;
205;-93.96494333682097;
206;-95.03875887098857;
207;-96.64336057369802;
208;-96.97522618824051;
209;-100.2088061933345;
210;-101.86121647850706;
211;-103.79244051793995;
212;-108.77191566640911;
213;-109.86511489475215;
214;-111.71813484119652;
215;-117.3665038059801;
216;-117.30935208844419;
217;-113.62633413743572;
218;-112.70816341499528;
219;-113.7584881176907;
220;-116.2209541812311;
221;-121.75976136789419;
222;-119.10054520777665;
223;-117.79234303232086;
224;-118.29295809283957;
225;-119.61294387747425;
226;-120.05868165212115;
227;-124.84980666657496;
228;-124.92477254767233;
229;-125.09695235902349;
230;-124.96113792904023;
231;-126.0004795033312;
232;-127.81386078663344;
233;-128.48831995159682;
234;-129.02630260566175;
235;-129.19623195585893;
236;-129.3589744497013;
237;-129.7662861887739;
238;-129.8343391144486;
239;-130.27657931713122;
240;-130.3188036289515;
241;-131.92125498046815;
242;-132.59220636889455;
243;-133.19442490634276;
244;-133.89028856600092;
245;-135.10514444595088;
246;-135.2915132545758;
247;-135.63250856979536;
248;-136.2387790764648;
249;-137.29910348393258;
250;-136.80585245703392;
251;-137.3715171700856;
252;-138.0734278245103;
253;-138.41148676322643;
254;-139.03303040542454;
255;-137.93036926317652;
256;-137.9366133021969;
257;-137.8855470559718;
258;-138.07505276094884;
259;-138.35600511650773;
260;-139.0366253141905;
261;-139.3183434194585;
262;-139.70564358728012;
263;-138.78139222051536;
264;-137.89946232008865;
265;-138.2340780839249;
266;-140.0417011483501;
267;-141.9459001394143;
268;-143.79812568506298;
269;-145.5389855484984;
270;-146.4330736687766;
271;-151.68470011069755;
272;-150.5302780426145;
273;-153.3430229379946;
274;-152.04963414423992;
275;-152.62029359448866;
276;-152.38577926183683;
277;-154.71333340173223;
278;-155.83481300836615;
279;-153.4543326620481;
280;-153.11084175058545;
281;-153.68798356088374;
282;-155.16905281881674;
283;-154.98621891188478;
284;-154.67557393270934;
285;-156.78066024567693;
286;-155.88550790187404;
287;-155.97034325465523;
288;-155.65315726036968;
289;-156.83784720861692;
290;-159.0261010744966;
291;-158.58262389738547;
292;-158.58073454676972;
293;-160.42896900362607;
294;-163.83670858032747;
295;-163.79390557132007;
296;-163.72707602348314;
297;-163.8479905909841;
298;-163.4888599028319;
299;-163.09133940677188;
300;-162.54789635165426;
301;-163.4225448569068;
302;-163.44654258788972;
303;-163.51138835880812;
304;-164.52514070541878;
305;-164.73404250687304;
306;-165.7255182700019;
307;-168.31633496435032;
308;-170.68224933166536;
309;-169.3697132655917;
310;-168.7721796506269;
311;-168.8944116333837;
312;-168.08234716328843;
313;-168.31561147668117;
314;-167.01083167748152;
315;-165.3451828379415;
316;-163.47018408260075;
317;-162.92718962750212;
318;-162.15284077186143;
319;-164.96258288869987;
320;-164.88472647926787;
321;-166.27097012347315;
322;-166.15165373359238;
323;-166.19776733891723;
324;-166.18619981092309;
325;-165.523029706407;
326;-165.22429749748292;
327;-163.60919930926605;
328;-163.65527748168978;
329;-162.5051351701477;
330;-159.792731865688;
331;-160.81118285213012;
332;-161.38954561110512;
333;-161.58945446961323;
334;-161.84524623351965;
335;-161.78346873083578;
336;-163.8887374226532;
337;-162.67848317876306;
338;-161.93462744105224;
339;-162.24781263323283;
340;-161.11770135776374;
341;-161.32834964360842;
342;-161.2669728929432;
343;-161.26322979481466;
344;-161.31559239636778;
345;-161.43938625698925;
346;-161.3632302939714;
347;-159.95034278103182;
348;-159.82009282031206;
349;-159.74111096206173;
350;-159.7673252108829;
351;-159.7819674551822;
352;-159.84022587323165;
353;-159.79390648660916;
354;-159.87151371823325;
355;-158.76673796759908;
356;-159.68317864392398;
357;-159.8635096902983;
358;-160.03975135101453;
359;-160.2970958550066;
360;-159.91237664122716;
361;-160.16563601302005;
362;-160.39468502773477;
363;-160.33862476155204;
364;-160.3532738257835;
365;-160.3610804022692;
366;-160.50441920223625;
367;-160.53378908203473;
368;-160.35350701517882;
369;-158.36808676591144;
370;-157.62872910354398;
371;-155.72954856651916;
372;-156.9501591517116;
373;-156.28135573694033;
374;-156.40926804738376;
375;-158.95129159998964;
376;-160.34256723152018;
377;-160.10194253008945;
378;-160.1570982426764;
379;-160.19769264991953;
380;-159.8082341400288;
381;-159.84910808571297;
382;-162.56633645261374;
383;-163.76544035581713;
384;-163.46684103661923;
385;-160.2146660925497;
386;-159.66010336689783;
387;-158.98655093234416;
388;-158.28648522290698;
389;-158.11646924840232;
390;-158.17965029326484;
391;-156.06504356610606;
392;-156.20741655969564;
393;-157.25759078570368;
394;-157.6108265041067;
395;-157.7946051829987;
396;-159.0002001563028;
397;-159.72798432183444;
398;-159.42176858308426;
399;-158.5024130321314;
400;-157.97882461957522;
401;-159.2189267318311;
402;-162.33034786829518;
403;-161.93526252138372;
404;-158.90295187603053;
405;-153.0491077928842;
406;-152.1232750590502;
407;-151.34032053829506;
408;-151.3121144145436;
409;-148.38803669454992;
410;-143.4209281152975;
411;-140.68765831758623;
412;-140.10978204165846;
413;-138.26127466675644;
414;-137.12248126730057;
415;-135.38991443188345;
416;-132.74702137228067;
417;-130.34949213203333;
418;-128.06279696204578;
419;-125.63725265331551;
420;-118.00358438775741;
421;-116.43296256393832;
422;-109.52165930838979;
423;-110.3067897415135;
424;-110.85724098081609;
425;-109.98233569260958;
426;-108.52837193389466;
427;-104.75794324656577;
428;-104.51238593387146;
429;-101.75584402667248;
430;-102.28609625135773;
431;-100.57798111587762;
432;-100.55487363367509;
433;-102.92250600602327;
434;-102.8233799502768;
435;-102.15773741992092;
436;-100.54401786722639;
437;-98.18483994086641;
438;-97.06465046580922;
439;-97.20182939952629;
440;-96.30325843172368;
441;-94.85316077283676;
442;-92.83720532261695;
443;-90.81011081885545;
444;-88.56171561850752;
445;-87.74199147306253;
446;-86.53574714513265;
447;-86.22561798053124;
448;-85.8326742968082;
449;-84.6536574440883;
450;-84.0679378094401;
451;-83.83980464533263;
452;-83.7952507872183;
453;-83.32933806757994;
454;-83.13111716580813;
455;-83.14747060050037;
456;-82.13504118801833;
457;-82.0626854369238;
458;-81.93269621283468;
459;-81.74750945109524;
460;-81.59622586394002;
461;-81.76643650977545;
462;-81.562840088949;
463;-81.1319647401609;
464;-80.8350489310589;
465;-80.63784859782339;
466;-80.57549580395607;
467;-80.40336355507715;
468;-80.29359625825153;
469;-80.6032180285208;
470;-80.62169846810987;
471;-80.50352322189741;
472;-80.31536903518487;
473;-80.23242091464769;
474;-79.99210641059383;
475;-80.20904363961559;
476;-80.09058773805869;
477;-80.0812472302186;
478;-80.13989654740763;
479;-80.13160599587387;
480;-80.36443935426038;
481;-80.31810687423335;
482;-81.03451860883939;
483;-80.90286878011196;
484;-81.0092733213385;
485;-80.91836340179273;
486;-80.69183127928703;
487;-80.64566455995659;
488;-80.55273797474813;
489;-80.70272663031552;
490;-81.00091884340904;
491;-81.04295588636963;
492;-80.95786551439787;
493;-80.5651245938687;
494;-80.55295638752992;
495;-80.24953664373749;
496;-80.13671662228238;
497;-79.64542290647647;
498;-79.2925890050807;
499;-79.21307451897977;
500;-79.20160140645129;
501;-79.36347687583643;
502;-79.58011823697062;
503;-79.75257911460238;
504;-79.6976971856989;
505;-79.62115016954363;
506;-79.48806273146033;
507;-79.54820216447462;
508;-79.67623281605242;
509;-79.71824305870066;
510;-79.86011348536121;
511;-79.43009020892156;
512;-79.54859130104275;
513;-79.42750233984519;
514;-79.33294411334192;
515;-79.2291902542983;
516;-79.18173800928774;
517;-79.28769229752339;
518;-79.38596225680317;
519;-79.86021089127074;
520;-80.41619453648575;
521;-80.27334697870816;
522;-80.15054262471068;
523;-80.20056517128332;
524;-80.17782232382066;
525;-79.9335654342321;
526;-79.8214207611469;
527;-79.52835066155805;
528;-79.46450289353498;
529;-79.49293731165221;
530;-79.57912751923004;
531;-79.71610497864918;
532;-79.73199069610098;
533;-79.55772542296721;
534;-79.53268014656062;
535;-79.40838051696029;
536;-79.42985076713303;
537;-79.2810303864859;
538;-79.27945715445159;
539;-79.08773607562;
540;-78.7674008679059;
541;-78.7475490783958;
542;-78.6400566557596;
543;-78.71711344684779;
544;-78.69888628781123;
545;-78.6374538289027;
546;-78.78379049365614;
547;-78.82485024638547;
548;-79.37098606083542;
549;-79.28909418317701;
550;-79.19722781071567;
551;-78.96870846421184;
552;-78.79018696753553;
553;-78.30450567619998;
554;-78.22911607036569;
555;-78.3942889828407;
556;-78.47916828130191;
557;-78.3767333452872;
558;-78.5315632190127;
559;-78.40090946432663;
560;-78.39800935681873;
561;-78.3375066348287;
562;-78.44464321538388;
563;-78.21716895101225;
564;-78.54369165412068;
565;-78.67650577256356;
566;-78.51869537183713;
567;-78.41605032103773;
568;-78.16555290963284;
569;-78.35626468861916;
570;-78.26774036950195;
571;-78.35484107448139;
572;-78.41094579427694;
573;-78.682095691556;
574;-78.84867814088355;
575;-79.12730008547854;
576;-79.2875595655826;
577;-79.42888078720941;
578;-79.7227864801213;
579;-79.91581232059589;
580;-80.3437502898005;
581;-81.90053498976762;
582;-82.0082554821131;
583;-82.42572935312188;
584;-83.22080471702746;
585;-84.67946335349481;
586;-85.73914342047465;
587;-88.05929303944605;
588;-90.38446602168432;
589;-93.05963590433298;
590;-96.64481764690801;
591;-97.8591124214452;
592;-100.92696373763368;
593;-104.8166207786649;
594;-107.27531732862953;
595;-107.88245475591658;
596;-113.01080164961253;
597;-112.69923203726985;
598;-114.04149284728675;
599;-117.5432333326214;
600;-120.13228486953136;
601;-121.70820833922919;
602;-122.80455525757549;
603;-126.57714674778273;
604;-126.51957594321506;
605;-126.196896006045;
606;-129.85823984672234;
607;-132.374204237965;
608;-133.48916855384303;
609;-134.3514520631852;
610;-135.70047315552617;
611;-137.70463407764066;
612;-138.40654810162724;
613;-142.15746780103365;
614;-142.99213108433096;
615;-143.269501243169;
616;-143.89545250922143;
617;-144.782657948543;
618;-145.93204578681534;
619;-147.22895248085408;
620;-147.02376373502545;
621;-147.58500955977237;
622;-147.96340359379212;
623;-149.14476151435537;
624;-147.34822284962556;
625;-147.11777379098274;
626;-149.75509780419526;
627;-151.2580179092664;
628;-154.7746295323558;
629;-155.31165155625783;
630;-157.0375547696954;
631;-158.85819150296595;
632;-159.73183340838932;
633;-161.6801798068489;
634;-162.52105109186022;
635;-162.98610601353607;
636;-161.7548574172429;
637;-161.5875751204397;
638;-161.13350250861157;
639;-160.8303547924824;
640;-160.59529856517005;
641;-163.70500633054255;
642;-162.9878585667828;
643;-161.39654320266868;
644;-161.3281195515446;
645;-159.79546148090063;
646;-158.1748366454313;
647;-157.20294235283572;
648;-155.5649592034099;
649;-155.83296021367659;
650;-155.49130204712205;
651;-155.34926282341354;
652;-153.5171125150534;
653;-153.9359822735073;
654;-154.235614902148;
655;-153.8167127238254;
656;-153.9540646663621;
657;-154.0948264346176;
658;-154.15765715354158;
659;-154.38705200558474;
660;-154.34363664065566;
661;-154.02582446262838;
662;-153.52251982210896;
663;-153.3870304556699;
664;-153.69190111709034;
665;-153.83605939543415;
666;-154.13804151814816;
667;-154.94167316431256;
668;-155.00871384574054;
669;-154.6365984028529;
670;-152.9194098669415;
671;-154.04633680007663;
672;-154.0474390636632;
673;-154.03501252865246;
674;-155.1152063858188;
675;-155.09261381779666;
676;-154.52376184065346;
677;-155.9312492171563;
678;-154.84647231447755;
679;-154.46084264424408;
680;-154.32965743821478;
681;-154.7551809294585;
682;-155.8676359421139;
683;-156.14420868347042;
684;-155.35202246078;
685;-155.466401131693;
686;-156.24835456495578;
687;-157.9096973958126;
688;-157.33204201694977;
689;-157.05405405567765;
690;-153.7724317534601;
691;-153.80666906191024;
692;-153.7204201714635;
693;-153.76092925075588;
694;-152.71662331957234;
695;-152.74402432949054;
696;-153.17565884436087;
697;-154.01322141013594;
698;-153.7610119201453;
699;-153.77192125682606;
700;-153.8623654257373;
701;-153.8969868411485;
702;-153.09789763795493;
703;-154.44235967380803;
704;-155.22688476595505;
705;-154.19114349771647;
706;-152.79499254253167;
707;-152.09841491297334;
708;-151.11303759485799;
709;-151.7137714704418;
710;-149.23274098088078;
711;-149.46559408822964;
712;-148.00548190487314;
713;-148.4641547654622;
714;-149.12562522164026;
715;-148.8746259816256;
716;-148.02420470756564;
717;-145.39271763288937;
718;-143.99029307305713;
719;-142.77263700332927;
720;-140.948654383278;
721;-141.04798081928124;
722;-140.05644183085823;
723;-140.6219156262854;
724;-138.5671263830745;
725;-138.5166543098537;
726;-138.41831261972482;
727;-138.25130152823195;
728;-137.1469058063888;
729;-136.21500760993453;
730;-135.51841972781781;
731;-135.2563619211751;
732;-134.44237038849502;
733;-134.23492158965962;
734;-132.94988404165363;
735;-132.3752239037175;
736;-132.27183266192392;
737;-128.5078641144984;
738;-124.23675249129089;
739;-124.09546095962835;
740;-120.86731793080305;
741;-119.28192646709307;
742;-115.83590108284233;
743;-117.33920094620952;
744;-116.53339608429022;
745;-116.96129808000583;
746;-113.2449026890531;
747;-112.19108521835565;
748;-111.59692765722156;
749;-108.59731429879056;
750;-107.73486198235531;
751;-104.37081994614451;
752;-104.0265475242277;
753;-106.10869662480685;
754;-107.02581050012449;
755;-105.4582702829263;
756;-102.63619509361799;
757;-102.38387567735515;
758;-102.11670394395638;
759;-102.31838549390802;
760;-101.07327808678062;
761;-100.98781845693229;
762;-99.68710732468388;
763;-98.61104970348482;
764;-98.45360041063526;
765;-98.04844654351425;
766;-97.65396174070219;
767;-96.03038779998397;
768;-95.78589021392982;
769;-95.03697478157083;
770;-94.75890837213403;
771;-93.33516353781773;
772;-92.73939916979282;
773;-91.45110807769267;
774;-91.09911795032788;
775;-90.67568144433376;
776;-89.4840561239291;
777;-89.16288515094993;
778;-88.66101071602604;
779;-88.3673749869323;
780;-87.57867525597811;
781;-87.30840772675694;
782;-87.17700224618835;
783;-86.85324286258941;
784;-86.42021483858501;
785;-85.62782676929707;
786;-84.87995367733691;
787;-84.77333282710029;
788;-84.62725251956621;
789;-84.83724049137928;
790;-83.945495084209;
791;-83.93040909346189;
792;-83.50510045493671;
793;-83.22592872073966;
794;-82.91185471850682;
795;-82.87580973695664;
796;-83.07601746864887;
797;-83.2624582709436;
798;-83.33996543623526;
799;-83.68057204136686;
800;-83.67936222502338;
801;-83.56325475364075;
802;-84.22810603973292;
803;-84.03677575969468;
804;-82.94648461196127;
805;-82.13354567769571;
806;-82.12877022088233;
807;-83.49843264646856;
808;-83.64970219704352;
809;-83.57716116738227;
810;-83.5430027616085;
811;-82.5255425285227;
812;-82.19331219669071;
813;-81.72645726527438;
814;-81.32556237118516;
815;-81.27106049521105;
816;-81.37043042737864;
817;-81.34267782575729;
818;-80.97524814019751;
819;-80.8439367005107;
820;-80.81972296855936;
821;-81.04309597659825;
822;-81.1072017210891;
823;-81.09511836437466;
824;-81.05253498116757;
825;-80.88943891824134;
826;-80.67649889693455;
827;-80.54532480831345;
828;-80.51725867517546;
829;-80.39261938967891;
830;-80.33524401217309;
831;-79.92710991049222;
832;-79.90751752539572;
833;-79.87067545778973;
834;-79.75952998969716;
835;-79.60594479069496;
836;-79.55496110530605;
837;-79.59617826208499;
838;-79.45466158878341;
839;-79.34697130430777;
840;-79.46447188256987;
841;-79.29984233848221;
842;-79.34529779069854;
843;-79.52927256877172;
844;-79.57923200508006;
845;-79.65733937553844;
846;-79.71258043059818;
847;-79.86741330095401;
848;-79.83003607093923;
849;-79.83903759264004;
850;-79.79081541333386;
851;-79.72252835966016;
852;-79.55385755923515;
853;-79.55642165127647;
854;-79.57697266101444;
855;-79.49263114083675;
856;-79.74119558259599;
857;-79.69156584171618;
858;-79.67259378806105;
859;-79.32596558990595;
860;-79.16078504899149;
861;-78.80201364492441;
862;-78.76622464918883;
863;-78.8158824454305;
864;-79.46418582288426;
865;-79.57184632598903;
866;-79.57616836357606;
867;-79.55715675589776;
868;-79.53964971708432;
869;-79.50624658618875;
870;-79.24786320912025;
871;-78.77563826320808;
872;-78.7795449663876;
873;-78.93195209263573;
874;-79.0647974134942;
875;-79.03790804126574;
876;-79.00124107023937;
877;-79.04607901228388;
878;-79.53156453303458;
879;-79.62938277930088;
880;-79.7652482955641;
881;-79.83601330703705;
882;-79.84629315444774;
883;-79.70730566749099;
884;-79.9114016629671;
885;-80.04116714288881;
886;-80.10354718857575;
887;-80.09596839611069;
888;-79.94027592886853;
889;-79.92166823975853;
890;-79.83503145436947;
891;-79.78323860771064;
892;-79.80392226793673;
893;-79.82324559818412;
894;-79.91426317520497;
895;-79.8894554844776;
896;-80.1338610610921;
897;-79.97796222933518;
898;-80.02704379768416;
899;-79.79297649141469;
900;-79.97088479860558;
901;-79.69843857455837;
902;-79.52262535677374;
903;-79.38720317942695;
904;-78.58432368809567;
905;-78.25626996527704;
906;-78.21863147548115;
907;-78.2163816488364;
908;-78.18431929854393;
909;-78.26531829096379;
910;-78.46518809674248;
911;-78.79263039226497;
912;-79.60811612966178;
913;-81.33309726434337;
914;-81.9683081486098;
915;-82.17756527309923;
916;-82.99616748364534;
917;-84.5147393105839;
918;-87.85844798566819;
919;-90.78966119404507;
920;-93.7119053396435;
921;-96.9154981021878;
922;-103.04302359092267;
923;-105.91702625388756;
924;-110.46472680265514;
925;-110.12338360947327;
926;-112.26791505594876;
927;-114.84865877355006;
928;-116.95453432962245;
929;-115.62704603487046;
930;-118.82305655528074;
931;-120.75218872787019;
932;-124.17170544705274;
933;-128.89296797396355;
934;-129.8664582893246;
935;-133.02938277097203;
936;-134.86568803167998;
937;-132.87800419760242;
938;-137.10214069663937;
939;-138.25098067319027;
940;-140.00692678620663;
941;-144.57601448267815;
942;-142.6256597452388;
943;-142.64838187999553;
944;-144.9973704668646;
945;-145.20950626207664;
946;-146.28237598661806;
947;-147.37787580431336;
948;-149.07937714870062;
949;-148.53704880831617;
950;-148.10342105747992;
951;-147.05946936528272;
952;-147.9961005359409;
953;-150.07607954101795;
954;-150.2346385693714;
955;-148.49542125033864;
956;-149.4679563960535;
957;-149.1911987399629;
958;-149.62300976318633;
959;-151.66110574458105;
960;-152.17295348080688;
961;-152.54773497189873;
962;-157.20198871748397;
963;-156.6585536526156;
964;-158.13147748687524;
965;-158.46273469698525;
966;-161.20419800807397;
967;-161.9331967136347;
968;-157.77787006702093;
969;-156.55008265851166;
970;-157.48766521237087;
971;-157.73150199416642;
972;-157.93471591063525;
973;-157.91691761165794;
974;-157.99217085402907;
975;-159.1939216205837;
976;-159.36241849838956;
977;-159.0673221458175;
978;-158.04360615061728;
979;-158.5210879908542;
980;-159.2676837348992;
981;-159.43864460729162;
982;-159.53872252906692;
983;-159.41109852460139;
984;-160.0400801450656;
985;-159.644857021556;
986;-159.76285405235993;
987;-159.2977363892286;
988;-159.43683995357915;
989;-162.38190548097376;
990;-160.96843690546388;
991;-159.83549384971008;
992;-159.271610784275;
993;-157.28330528916896;
994;-155.38262595164244;
995;-155.93975406624324;
996;-155.27867024773323;
997;-155.41095398763179;
998;-155.74597438976085;
999;-155.34032235161095;
1000;-155.51377093753155;
1001;-155.3806666778419;
1002;-156.58601493509315;
1003;-158.65023014520048;
1004;-161.76186482394826;
1005;-161.16479440549435;
1006;-160.75622714452703;
1007;-160.66930170941077;
1008;-162.4805426432123;
1009;-159.91989455236882;
1010;-159.63015457955422;
1011;-160.5940613010748;
1012;-160.7923520742441;
1013;-162.58805034051326;
1014;-163.9257128701504;
1015;-165.86674596887534;
1016;-165.74762438524172;
1017;-165.61581722235763;
1018;-160.61364707367744;
1019;-160.70439200640905;
1020;-160.75052757950348;
1021;-160.73856767361542;
1022;-159.45366740833543;
1023;-156.40566284532883;
1024;-156.93274583943526;
1025;-157.69131876798525;
1026;-158.05729741469574;
1027;-155.3785986952028;
1028;-153.87539132713033;
1029;-153.82536869377086;
1030;-153.17655323975129;
1031;-153.83533249143605;
1032;-152.8319712628025;
1033;-152.32026170019077;
1034;-152.48415307759294;
1035;-152.57512309359282;
1036;-152.61120480758112;
1037;-153.57907927531318;
1038;-154.42743677443212;
1039;-155.41883732885103;
1040;-156.75222808313342;
1041;-156.8784643167386;
1042;-156.020348108562;
1043;-155.83672038209878;
1044;-155.82997913077762;
1045;-154.11740543673173;
1046;-154.18808317322865;
1047;-153.65859555341518;
1048;-152.29260394197308;
1049;-150.8325193400503;
1050;-151.47142952182716;
1051;-149.70346238148142;
1052;-149.25858300963503;
1053;-147.23416136305343;
1054;-148.31693651519925;
1055;-148.42989581312906;
1056;-148.34707669684565;
1057;-148.70317391747048;
1058;-148.83777058437664;
1059;-147.17038334874556;
1060;-144.56531850471896;
1061;-144.89947464038167;
1062;-142.84597934714196;
1063;-141.10855970045446;
1064;-140.76289011493498;
1065;-139.5789226242169;
1066;-138.30260230396868;
1067;-135.48342381464474;
1068;-134.5850145681946;
1069;-131.78539076515523;
1070;-130.34829690694033;
1071;-129.61433403429945;
1072;-127.0384985991005;
1073;-125.71239936857933;
1074;-119.40867937475691;
1075;-116.91413263120405;
1076;-114.73763876437012;
1077;-112.19604219707367;
1078;-111.59929824123013;
1079;-108.86020165396828;
1080;-109.93757367433457;
1081;-108.79534347262538;
1082;-105.45817919808309;
1083;-103.64496510572873;
1084;-104.31452921102252;
1085;-105.43270863552603;
1086;-103.30253108132854;
1087;-100.65170642862797;
1088;-98.96662312371397;
1089;-99.13090884994106;
1090;-96.91731446600075;
1091;-95.31941361883474;
1092;-94.8165545300515;
1093;-93.30229918770821;
1094;-93.12299704790897;
1095;-91.74607156281579;
1096;-91.23144286436239;
1097;-90.6059923630714;
1098;-90.06050237039796;
1099;-89.28767004128764;
1100;-88.51024432457055;
1101;-87.77062087309046;
1102;-87.20573449619431;
1103;-86.92359094482612;
1104;-86.51774163262283;
1105;-86.26546316512169;
1106;-86.07755924173283;
1107;-85.61624641234982;
1108;-85.3319343305547;
1109;-84.74462959888207;
1110;-84.3549333187838;
1111;-83.9516531507802;
1112;-83.59649962718811;
1113;-83.30199423354291;
1114;-83.2141808192142;
1115;-83.16987453388126;
1116;-83.18124258359664;
1117;-82.89915406636834;
1118;-82.51708480807198;
1119;-82.30961941698324;
1120;-81.69748618090577;
1121;-81.37579034698645;
1122;-81.1986454796984;
1123;-80.95326150045531;
1124;-80.8488214922605;
1125;-80.42913040392247;
1126;-79.99949589827688;
1127;-80.11684007870147;
1128;-80.31346163576659;
1129;-80.59255269342644;
1130;-80.38024580274922;
1131;-80.09501344011049;
1132;-79.1052284223448;
1133;-79.3342658837177;
1134;-79.2601572908414;
1135;-79.03606191211954;
1136;-78.99697436858258;
1137;-79.08512558978447;
1138;-79.4589236178297;
1139;-78.98597843624056;
1140;-79.5400032772943;
1141;-79.64079590345227;
1142;-79.9585432905445;
1143;-80.05966143438573;
1144;-79.9852990878609;
1145;-79.96749505037914;
1146;-79.7406233255037;
1147;-79.73703901023445;
1148;-79.36869940997616;
1149;-79.39033588951384;
1150;-79.42672497838758;
1151;-79.51461935987315;
1152;-79.96592565049933;
1153;-80.38379554078574;
1154;-80.27918583879485;
1155;-80.06817212096028;
1156;-80.14872108197788;
1157;-80.19655772932288;
1158;-80.39903241169276;
1159;-80.40790821601753;
1160;-80.33285415909441;
1161;-79.99460946671158;
1162;-79.94227126287859;
1163;-80.04321189693663;
1164;-80.02499525788;
1165;-79.9744173187467;
1166;-79.63673392892306;
1167;-79.25978988854644;
1168;-79.25810523611722;
1169;-79.53665741261703;
1170;-79.35962015079554;
1171;-79.42447362607547;
1172;-79.80899386383007;
1173;-78.86659419423593;
1174;-78.35045137365141;
1175;-78.282836177827;
1176;-77.61690822623083;
1177;-77.68083307293816;
1178;-77.71648190515747;
1179;-77.765530994297;
1180;-78.37952513052542;
1181;-78.35327932887722;
1182;-78.63491635037818;
1183;-78.5261239226615;
1184;-78.57248568396072;
1185;-78.42533885308866;
1186;-78.39860292906523;
1187;-77.85934550625913;
1188;-78.00207450198998;
1189;-77.1640630362452;
1190;-77.03348355774911;
1191;-77.06249012960373;
1192;-76.43973593430202;
1193;-75.61349607729457;
1194;-75.94344632542544;
1195;-76.37899289028644;
1196;-76.3847641511303;
1197;-75.96297145857315;
1198;-75.86200886312302;
1199;-75.582726959459;
1200;-75.43082706266064;
1201;-75.2977729927316;
1202;-75.63744481769106;
1203;-75.7325609865301;
1204;-76.17154756102876;
1205;-76.35586437081592;
1206;-76.34572901355274;
1207;-76.57558417088198;
1208;-76.51555450641021;
1209;-76.76040103611747;
1210;-76.75338834964482;
1211;-76.60450334996774;
1212;-76.74286550865502;
1213;-76.42295456290623;
1214;-76.26622901196413;
1215;-76.16234235857613;
1216;-76.39898691542997;
1217;-76.41881762545606;
1218;-76.55875427771537;
1219;-76.64498309695577;
1220;-76.75775756184662;
1221;-76.93949650568221;
1222;-77.30817943911302;
1223;-78.5643717503267;
1224;-79.32043191650304;
1225;-80.18134122068126;
1226;-81.03407407025433;
1227;-82.16897409847033;
1228;-83.00428665462557;
1229;-83.8109491193759;
1230;-85.44394389698985;
1231;-86.60765493369223;
1232;-87.65474808622035;
1233;-90.01498513436837;
1234;-92.98352941804848;
1235;-97.81914993172174;
1236;-97.38090729643098;
1237;-100.70202167531339;
1238;-103.15011274601778;
1239;-105.09802728729633;
1240;-106.26425654009935;
1241;-109.6544312228877;
1242;-112.91383057754553;
1243;-116.2162340472505;
1244;-118.26247449641315;
1245;-119.91257169294732;
1246;-120.78415107253318;
1247;-121.97202314352836;
1248;-123.19438722767111;
1249;-125.21564532052926;
1250;-127.38926398181833;
1251;-127.46663881717879;
1252;-125.94961840756892;
1253;-130.1848574518011;
1254;-131.5977649233683;
1255;-132.50097773224476;
1256;-133.29725086872995;
1257;-135.66340579876717;
1258;-137.32426923724066;
1259;-137.80143477101655;
1260;-140.05280122471223;
1261;-141.6300752239729;
1262;-140.76026336465677;
1263;-141.5758038095261;
1264;-142.4002831803729;
1265;-145.58942016078498;
1266;-146.86157164792127;
1267;-150.209236085516;
1268;-148.62502103623055;
1269;-148.81092968741146;
1270;-148.36703686044797;
1271;-149.72381937714667;
1272;-151.3459348573683;
1273;-151.29865015166118;
1274;-151.26650119844226;
1275;-151.0793428176867;
1276;-149.92021857940094;
1277;-150.12807093692663;
1278;-148.0471524516751;
1279;-148.61855959968446;
1280;-147.1741573445577;
1281;-145.63920577317464;
1282;-146.62317998191006;
1283;-146.9803858058504;
1284;-148.487207551902;
1285;-150.2949791871852;
1286;-150.84420152891474;
1287;-151.1861126929039;
1288;-150.21549004718977;
1289;-150.24574416724099;
1290;-149.90581091090903;
1291;-152.93551743596794;
1292;-153.1077100718251;
1293;-153.51977428026754;
1294;-153.03039136192717;
1295;-152.89088936781246;
1296;-152.6232305055769;
1297;-152.1517688187142;
1298;-151.81744654476458;
1299;-150.08697010489848;
1300;-150.13672317140464;
1301;-149.5954176340737;
1302;-149.23484994037918;
1303;-151.3606086245128;
1304;-151.46134502384757;
1305;-151.13888653329613;
1306;-152.22757646292052;
1307;-153.40792466703834;
1308;-152.9913128361536;
1309;-153.8343425124289;
1310;-153.89069486240726;
1311;-153.64163253344134;
1312;-150.53349033551578;
1313;-150.39768412772654;
1314;-150.451167178258;
1315;-150.05045942230888;
1316;-149.6536418543997;
1317;-150.0956230272671;
1318;-149.5194493271599;
1319;-151.22103697335862;
1320;-151.02580986749976;
1321;-149.66705704181132;
1322;-148.21968070634134;
1323;-149.66793176849572;
1324;-149.7185468504445;
1325;-149.9123087883815;
1326;-150.19718060399333;
1327;-150.55877615354683;
1328;-151.65748430358846;
1329;-153.09006548280828;
1330;-152.07083168398233;
1331;-151.3580493052354;
1332;-148.8456313504816;
1333;-148.98328866601858;
1334;-149.2110474879513;
1335;-149.13635567058404;
1336;-148.4967550788943;
1337;-148.93509904492413;
1338;-149.37759674877842;
1339;-148.5656631686076;
1340;-151.06374860671653;
1341;-151.15213734824286;
1342;-150.66861384746406;
1343;-150.9707390159311;
1344;-151.12669986154782;
1345;-151.52130144047374;
1346;-151.70301044667156;
1347;-150.85079044965383;
1348;-150.02315835743164;
1349;-150.80300396855466;
1350;-150.80924661503713;
1351;-151.33794643864758;
1352;-150.63139985932716;
1353;-150.82297084257073;
1354;-150.40064897000818;
1355;-152.24508891592797;
1356;-152.06211836772138;
1357;-151.68563788167222;
1358;-149.59993467506052;
1359;-149.45971530711103;
1360;-149.56046356512846;
1361;-149.09410146750784;
1362;-147.53878895841444;
1363;-147.48903219089652;
1364;-146.6800529331227;
1365;-146.16860252768987;
1366;-145.47867148929237;
1367;-142.77611829993825;
1368;-141.0957013632323;
1369;-137.64448217441003;
1370;-135.43219887265795;
1371;-134.93188549877442;
1372;-134.13302590580528;
1373;-131.02462219131732;
1374;-129.24821409736956;
1375;-127.29676452221067;
1376;-123.85271914565133;
1377;-119.34371397531349;
1378;-117.38354893094476;
1379;-116.51100431984437;
1380;-114.86146583864792;
1381;-115.0934992301669;
1382;-110.22510326815676;
1383;-109.79746657385463;
1384;-107.70424732621143;
1385;-106.89096655542177;
1386;-105.43037309289906;
1387;-103.77650112695115;
1388;-103.01427157034335;
1389;-103.1770778836442;
1390;-103.86329649938133;
1391;-102.00272533129377;
1392;-102.03218236203625;
1393;-100.57317682633885;
1394;-100.0665840217887;
1395;-99.71312165734967;
1396;-99.52774814439944;
1397;-99.79722609011199;
1398;-98.64856420696363;
1399;-99.14942458443328;
1400;-97.09584591910719;
1401;-95.60324759635236;
1402;-94.94136462060162;
1403;-94.10870773886313;
1404;-93.32966997221575;
1405;-92.71601689454803;
1406;-91.91733069637102;
1407;-89.93049918872383;
1408;-88.6995043729697;
1409;-88.27407969439727;
1410;-87.60112096722297;
1411;-86.72913120645512;
1412;-86.08781595123087;
1413;-85.3471021208701;
1414;-84.8489971230489;
1415;-84.66142754846796;
1416;-84.39479930345894;
1417;-84.32444595435477;
1418;-83.53621840775001;
1419;-83.04579116811118;
1420;-82.84085294878636;
1421;-82.85490694281631;
1422;-82.5117663881318;
1423;-82.24256701247667;
1424;-82.00321302399665;
1425;-81.93263140380544;
1426;-81.5964230359848;
1427;-81.22631783886808;
1428;-81.39056961570418;
1429;-81.31037822515717;
1430;-81.189220644344;
1431;-80.97574122367546;
1432;-80.8285553588931;
1433;-80.40723130808954;
1434;-80.00767757038014;
1435;-79.69445044343301;
1436;-79.5148762236178;
1437;-79.37507227936607;
1438;-79.15910530110213;
1439;-79.1542275618706;
1440;-79.13973300675465;
1441;-78.9941039264443;
1442;-78.80624591244978;
1443;-78.75964523641754;
1444;-78.77738383974884;
1445;-78.73657033203921;
1446;-78.72220645707031;
1447;-78.72822331526454;
1448;-78.85796779447037;
1449;-79.01428916504123;
1450;-79.24393558178238;
1451;-79.54961598969668;
1452;-79.86784383041169;
1453;-79.83426490452985;
1454;-79.96840004267919;
1455;-79.89757705044079;
1456;-79.95217175124867;
1457;-80.1519367995704;
1458;-80.17610941700305;
1459;-80.5813022635671;
1460;-80.78047138058388;
1461;-80.87904773203039;
1462;-80.87366884711662;
1463;-80.96125526802903;
1464;-80.99285641276559;
1465;-81.00496977840244;
1466;-80.95234363066406;
1467;-80.91916167646403;
1468;-80.8480998965196;
1469;-80.71392564718148;
1470;-80.60511519152121;
1471;-80.64571309835507;
1472;-80.65878280894455;
1473;-80.64188376489338;
1474;-80.53881083736529;
1475;-80.59497406686249;
1476;-80.37607710824543;
1477;-80.38063603513935;
1478;-80.26929003320508;
1479;-80.05315291272456;
1480;-79.83030338250346;
1481;-79.61988585726834;
1482;-79.49497844526373;
1483;-79.5254466406721;
1484;-79.47456584973988;
1485;-79.35209606214681;
1486;-79.41918821186883;
1487;-79.56695963664704;
1488;-79.56275685657607;
1489;-79.61443359068736;
1490;-79.40271638357297;
1491;-79.49426860254495;
1492;-79.18690143745067;
1493;-79.10987528590941;
1494;-79.08741046438426;
1495;-79.15017602043504;
1496;-79.39808371062522;
1497;-79.30686020299339;
1498;-79.2199693697377;
1499;-79.21776437415363;
1500;-79.3756074963869;
1501;-79.41257604391197;
1502;-79.39068960828175;
1503;-79.2819712771355;
1504;-78.99119311592302;
1505;-78.89836486780897;
1506;-78.8015364255304;
1507;-78.79309448900429;
1508;-78.74053201331103;
1509;-78.66886099326612;
1510;-78.47349581352967;
1511;-78.57212080301817;
1512;-78.6903045298655;
1513;-78.81045267706247;
1514;-78.9556104535319;
1515;-78.99246075061882;
1516;-79.33331054627128;
1517;-79.45716815940983;
1518;-79.4458071558337;
1519;-79.54378125598356;
1520;-79.67403548316946;
1521;-79.91815241373781;
1522;-80.00180096717;
1523;-79.93860225012754;
1524;-80.01667941486929;
1525;-80.37693367268669;
1526;-80.73492746028239;
1527;-80.9380912630237;
1528;-81.24484105893058;
1529;-81.44659047479955;
1530;-81.45710368226946;
1531;-81.73139240730004;
1532;-81.91139917049935;
1533;-82.0533571333273;
1534;-82.29435376863205;
1535;-82.82074801917383;
1536;-83.53636692446581;
1537;-83.89510838913833;
1538;-84.52712606484701;
1539;-85.54872153428606;
1540;-86.60950578819873;
1541;-86.81057673676416;
1542;-87.14487752986268;
1543;-88.21846219630406;
1544;-89.18420952776414;
1545;-91.74594284554932;
1546;-94.5666027335976;
1547;-95.94062881782153;
1548;-96.76018495288739;
1549;-99.01842760845848;
1550;-99.61106498099647;
1551;-101.60072223870586;
1552;-104.46228284405731;
1553;-107.72250132993842;
1554;-110.3040137187727;
1555;-112.47765514470804;
1556;-114.56322987496809;
1557;-114.97631095430806;
1558;-116.64552470695192;
1559;-119.23617323472635;
1560;-122.6795133239281;
1561;-122.67437818743542;
1562;-123.13650503125551;
1563;-123.50499834317658;
1564;-124.60290710794352;
1565;-125.08355865797448;
1566;-128.33155216925226;
1567;-129.52728677130108;
1568;-131.2490730514305;
1569;-132.20626226072272;
1570;-132.98402704739323;
1571;-135.7204735996462;
1572;-137.16682590609926;
1573;-137.8251644206948;
1574;-139.2804266757077;
1575;-140.00212061457995;
1576;-140.06186666248732;
1577;-141.3223063312281;
1578;-143.4899136954691;
1579;-143.09011355052087;
1580;-142.9064238318703;
1581;-144.06315804089328;
1582;-144.32875776225967;
1583;-145.1576580024638;
1584;-144.88338928266515;
1585;-145.86529601449675;
1586;-146.54753684192207;
1587;-147.10646107246632;
1588;-147.12707499780726;
1589;-147.2605055937453;
1590;-147.40779252964637;
1591;-147.94726489668182;
1592;-148.10248541691342;
1593;-148.59583126405647;
1594;-149.55027060420284;
1595;-149.46392300768363;
1596;-148.42422651003142;
1597;-149.40677649840774;
1598;-151.16257231373643;
1599;-151.8394072083897;
1600;-155.05895941002998;
1601;-154.90997292665037;
1602;-154.99514404793646;
1603;-154.9861916188086;
1604;-154.81680227520715;
1605;-154.01770253359666;
1606;-154.34748925481927;
1607;-154.15726706229805;
1608;-154.56001922700995;
1609;-152.31855095975752;
1610;-153.66892912940565;
1611;-154.8467252822476;
1612;-156.694410732443;
1613;-156.32092999366006;
1614;-156.24651731098083;
1615;-156.16913993650874;
1616;-154.98866839679798;
1617;-154.75741103905838;
1618;-154.45495435702648;
1619;-154.49744919239672;
1620;-154.4192953961751;
1621;-154.4359669713893;
1622;-155.15660362668052;
1623;-153.71477169313243;
1624;-152.5487683256249;
1625;-152.40402499900156;
1626;-152.4118290852927;
1627;-152.2853593486786;
1628;-152.16154485286606;
1629;-152.30249599043395;
1630;-152.26910378291865;
1631;-152.2467810941801;
1632;-154.57790514200144;
1633;-154.74124255443058;
1634;-155.14797276734808;
1635;-154.98246943957648;
1636;-154.94290066627823;
1637;-154.73013032405692;
1638;-155.53287519410839;
1639;-155.37070030159748;
1640;-155.93526146875803;
1641;-154.42743298463913;
1642;-152.28676840659728;
1643;-152.39180078700252;
1644;-153.04821103758098;
1645;-154.92569384767933;
1646;-153.9345663884139;
1647;-152.83690390182184;
1648;-149.44064001542915;
1649;-148.36659305162632;
1650;-146.5023863988218;
1651;-142.30383650562806;
1652;-141.05598958950398;
1653;-140.55014776255996;
1654;-139.8758243501677;
1655;-137.59950834433013;
1656;-136.76449892558924;
1657;-134.92919857712758;
1658;-135.13383957291578;
1659;-132.7849587756926;
1660;-129.6625780215982;
1661;-126.21303762468015;
1662;-124.97378394585965;
1663;-124.09715726694958;
1664;-118.9359175248191;
1665;-118.67746483677253;
1666;-119.26470690557284;
1667;-119.44418144751417;
1668;-115.9317567801628;
1669;-117.1402062053469;
1670;-117.24427366260866;
1671;-116.31134022489631;
1672;-114.08415391965401;
1673;-107.57961878718595;
1674;-106.76230067192036;
1675;-106.3830404155326;
1676;-103.15622972965188;
1677;-103.2436328198249;
1678;-102.55533590888639;
1679;-101.32173619762737;
1680;-100.91288055774815;
1681;-98.88956359803868;
1682;-99.26572380472804;
1683;-99.0054269206826;
1684;-98.56350246331564;
1685;-97.77905600831214;
1686;-96.69139213393953;
1687;-95.26914192259177;
1688;-94.28354190448856;
1689;-93.48006654302492;
1690;-92.11719192640815;
1691;-90.97489989385511;
1692;-89.96221938518231;
1693;-89.09472950767827;
1694;-88.22231089100667;
1695;-87.10101367741755;
1696;-86.38568080122474;
1697;-85.60695436540583;
1698;-84.07857482243237;
1699;-83.57691351986196;
1700;-83.02924272779644;
1701;-82.7088474085243;
1702;-82.66077660716147;
1703;-82.49322865651136;
1704;-82.30326682314232;
1705;-82.248073074915;
1706;-82.02510332863764;
1707;-81.76798783100489;
1708;-81.06089489532644;
1709;-80.8826992468717;
1710;-80.61109033207212;
1711;-80.4081646518706;
1712;-80.46937030902137;
1713;-80.34964869625342;
1714;-80.52295776156186;
1715;-80.85671267033727;
1716;-80.87414882928397;
1717;-81.0316931528619;
1718;-81.07519890136327;
1719;-80.81757963243489;
1720;-80.93381825079649;
1721;-80.94851021425049;
1722;-80.85027770632273;
1723;-80.57208605229185;
1724;-80.61696047720928;
1725;-80.60352498928607;
1726;-80.28593984599104;
1727;-80.18034997947444;
1728;-79.73635758348425;
1729;-79.74828959613362;
1730;-79.72039028194928;
1731;-79.41389151621962;
1732;-79.24681153557943;
1733;-79.27677584940653;
1734;-79.25382483749935;
1735;-79.19333075030872;
1736;-79.2331311969596;
1737;-79.24760776054045;
1738;-79.2343971129736;
1739;-79.05780480797155;
1740;-78.85160423405291;
1741;-78.64981921105324;
1742;-78.58657044541712;
1743;-78.59739622359706;
1744;-78.48049785929054;
1745;-78.37473324999544;
1746;-78.40993826331244;
1747;-78.37519105682048;
1748;-78.32222907201762;
1749;-78.05154476806399;
1750;-78.01547311969819;
1751;-78.03355223168784;
1752;-77.79338706802308;
1753;-77.70418864247372;
1754;-78.07526295188569;
1755;-78.25411704866703;
1756;-78.03740037598179;
1757;-77.35986214524007;
1758;-77.4207512380521;
1759;-77.44493016491961;
1760;-77.44059343683377;
1761;-77.53783054657065;
1762;-77.47942847272778;
1763;-77.70362434202713;
1764;-77.6395978338497;
1765;-77.59792327650354;
1766;-77.6459158222212;
1767;-77.71303670337272;
1768;-77.96610890249951;
1769;-77.99955795472025;
1770;-78.00106392817233;
1771;-78.10584604330093;
1772;-78.34208799115383;
1773;-78.63226293080876;
1774;-78.89263485827878;
1775;-79.13715430342056;
1776;-79.81144877324694;
1777;-80.03016593744628;
1778;-80.02730265683223;
1779;-79.71331625209652;
1780;-79.70136707419867;
1781;-79.75871032630212;
1782;-79.76641517622504;
1783;-79.76675907577008;
1784;-79.84606250748985;
1785;-79.70121029544995;
1786;-79.84921038669889;
1787;-79.96095770189467;
1788;-80.36507044603891;
1789;-80.51143388132954;
1790;-80.66029762992386;
1791;-80.77239156320927;
1792;-80.88814206539367;
1793;-81.0971778153312;
1794;-81.30597754470561;
1795;-81.41629059211205;
1796;-81.45083505112481;
1797;-81.48517142284463;
1798;-81.49213187261788;
1799;-81.40341895741581;
1800;-81.32185868622315;
1801;-81.19278484836934;
1802;-81.05358728228518;
1803;-81.09674757024483;
1804;-81.06794539163113;
1805;-81.05882910127906;
1806;-80.97230879891801;
1807;-80.93914334843613;
1808;-81.07448692168707;
1809;-81.41895060613722;
1810;-81.74613124749783;
1811;-82.47759428078083;
1812;-83.43943983675479;
1813;-83.81960459231281;
1814;-84.76198503213581;
1815;-85.56213407913567;
1816;-86.52056623930062;
1817;-87.3400893201721;
1818;-88.68302252406102;
1819;-92.32282704168428;
1820;-95.51963383667285;
1821;-97.59458904666522;
1822;-98.54366149316469;
1823;-100.91389322321625;
1824;-103.07855644402062;
1825;-106.53518896045998;
1826;-108.39195994077234;
1827;-107.78545683638768;
1828;-108.56978519750108;
1829;-113.57607325252773;
1830;-116.04453040203374;
1831;-115.96643254612864;
1832;-119.76297647677218;
1833;-123.12847611274563;
1834;-125.8782223061193;
1835;-127.38900689704731;
1836;-129.68281486615135;
1837;-130.58035696243982;
1838;-132.59862035946364;
1839;-134.22792301069637;
1840;-135.6657501242364;
1841;-135.5085433181086;
1842;-136.98543131113613;
1843;-138.22297577432664;
1844;-138.34086098858086;
1845;-139.78181770123078;
1846;-141.5998456839131;
1847;-143.129192297245;
1848;-144.58234044203718;
1849;-145.29861831141312;
1850;-145.6853058412539;
1851;-146.19065882897527;
1852;-146.58050914689048;
1853;-150.32752329754965;
1854;-150.32249287671968;
1855;-149.32363018399823;
1856;-151.21303753041155;
1857;-150.41128730663127;
1858;-150.23601465492519;
1859;-151.1891807092706;
1860;-153.43305539003242;
1861;-152.85438930556916;
1862;-152.46570309187805;
1863;-152.98097798581986;
1864;-153.12657016281275;
1865;-150.559209845069;
1866;-150.50636316047263;
1867;-151.10611656181558;
1868;-151.5423567065368;
1869;-150.00438226709892;
1870;-150.40299307141248;
1871;-151.23646442324275;
1872;-151.7751713667016;
1873;-153.62766503344454;
1874;-153.5730303148959;
1875;-153.7816235153816;
1876;-154.3325781698264;
1877;-153.88152756568545;
1878;-154.70017761948;
1879;-154.29706120400357;
1880;-154.3410883335745;
1881;-155.3452323470893;
1882;-154.5969398275917;
1883;-155.0699423922006;
1884;-155.86305923927608;
1885;-155.5385632727906;
1886;-155.5828535233972;
1887;-155.3938978639952;
1888;-155.55011625536525;
1889;-155.78195878972517;
1890;-156.09544268378315;
1891;-156.25856474305652;
1892;-154.11654932795008;
1893;-153.96673178285155;
1894;-154.2364750228656;
1895;-154.42540267892596;
1896;-157.1937384208908;
1897;-158.90703308367787;
1898;-160.138259029236;
1899;-159.12616411393125;
1900;-158.368996588723;
1901;-156.14861823929536;
1902;-156.29563741646993;
1903;-156.39321608185185;
1904;-156.10813258959874;
1905;-156.26101327412357;
1906;-155.8449545002798;
1907;-156.00290526025407;
1908;-151.34895217939786;
1909;-150.06966262929905;
1910;-148.5727853855404;
1911;-149.93000666636874;
1912;-149.70349529088008;
1913;-150.36554525293064;
1914;-150.05317786066655;
1915;-150.20408074703923;
1916;-150.59964253078218;
1917;-150.69511521563334;
1918;-150.81958782949968;
1919;-150.95876494551905;
1920;-151.5575489218959;
1921;-151.31300439610868;
1922;-151.31228288948492;
1923;-149.52603081267105;
1924;-148.84018661491126;
1925;-149.03474991775263;
1926;-149.6009902795477;
1927;-149.534453396156;
1928;-148.67608184088428;
1929;-145.6966100693269;
1930;-144.3317774109292;
1931;-142.41628366323195;
1932;-141.59527766819872;
1933;-139.14639757354726;
1934;-139.05364024167577;
1935;-138.20136562730204;
1936;-137.51610625274841;
1937;-135.2811884693978;
1938;-134.12518019808695;
1939;-133.7310527531478;
1940;-133.38436321722799;
1941;-132.95447897036624;
1942;-131.0009206003579;
1943;-129.9167666950292;
1944;-130.1472462339082;
1945;-130.04796083338485;
1946;-129.02201694966425;
1947;-128.30564941733167;
1948;-128.91054191411632;
1949;-125.78629765792016;
1950;-125.5030446631672;
1951;-117.87130391222368;
1952;-118.1789426422105;
1953;-112.46878728971004;
1954;-109.32031563159839;
1955;-108.92244856646627;
1956;-108.16339885857089;
1957;-106.05487375319615;
1958;-105.17475052418172;
1959;-103.15150783286651;
1960;-102.086826375878;
1961;-101.78978869134993;
1962;-99.67452776107392;
1963;-98.2507052557463;
1964;-95.99124407110715;
1965;-95.9898089043284;
1966;-95.13793788853812;
1967;-93.76490346604155;
1968;-94.51288690110556;
1969;-94.42278720966921;
1970;-94.17117892737922;
1971;-92.39660694451568;
1972;-91.67651570945472;
1973;-90.67466750676907;
1974;-89.96585901431885;
1975;-89.52241098358073;
1976;-88.25797440274879;
1977;-87.1812924940284;
1978;-86.47217724393097;
1979;-85.94964118080433;
1980;-85.4271910199793;
1981;-84.8903343895761;
1982;-84.2335128638754;
1983;-83.63247689068739;
1984;-83.15505651858987;
1985;-83.18184338622531;
1986;-83.04529886961195;
1987;-82.54691232527823;
1988;-81.66507977167441;
1989;-81.70965805681703;
1990;-81.52491839296722;
1991;-81.43503207082381;
1992;-81.28485203698744;
1993;-80.88976102215513;
1994;-80.56504291724248;
1995;-80.91267291925826;
1996;-80.86176663742582;
1997;-80.89689096011779;
1998;-81.03362655665839;
1999;-81.01016198205622;
2000;-81.00754140032582;
2001;-80.75162082308049;
2002;-81.59582292354715;
2003;-82.56206760482497;
2004;-82.20320567939696;
2005;-81.80260780183669;
2006;-81.93591286206127;
2007;-81.57456738970396;
2008;-81.1935939767288;
2009;-80.91579160226613;
2010;-80.64365135374446;
2011;-80.40245724701562;
2012;-80.19328048272044;
2013;-80.05903363827431;
2014;-80.5146930240208;
2015;-80.10269037508341;
2016;-79.66253185026078;
2017;-79.64039842347326;
2018;-79.17308287575476;
2019;-79.75324938822729;
2020;-79.66546114065456;
2021;-79.54775685606998;
2022;-79.6287243619007;
2023;-80.35095931904766;
2024;-80.33795662245832;
2025;-80.37632936359445;
2026;-80.65861538577666;
2027;-80.71454357367904;
2028;-79.79846563157992;
2029;-79.42637590775696;
2030;-79.542508847417;
2031;-79.35364004255727;
2032;-78.8411754060864;
2033;-78.94062362042595;
2034;-79.40199733090222;
2035;-80.07144925217429;
2036;-80.61376509300612;
2037;-80.46463535374973;
2038;-79.79467335706107;
2039;-79.39309837911482;
2040;-79.37474215345287;
2041;-79.33474790379097;
2042;-79.7144683743254;
2043;-80.00504281304539;
2044;-80.38872734259806;
2045;-79.95199169430462;
2046;-79.89045822943795;
2047;-80.13662043829937;
2048;-80.11705426621927;
2049;-80.27010592921164;
2050;-80.57842282010797;
2051;-80.55105530959658;
2052;-80.1786726294601;
2053;-80.2701309447387;
2054;-80.0151123297453;
2055;-80.07201946694853;
2056;-79.73937036767921;
2057;-79.67053375453307;
2058;-79.56549709669667;
2059;-79.79673473078994;
2060;-80.02030797914574;
2061;-79.79603355652372;
2062;-79.95146140057548;
2063;-79.75017241925369;
2064;-79.94774027505018;
2065;-79.8570942456182;
2066;-79.83867383228751;
2067;-79.99936786029548;
2068;-80.31691800181795;
2069;-80.21174624061979;
2070;-79.64404689687657;
2071;-79.61249941756454;
2072;-79.87238426390093;
2073;-80.04053447749561;
2074;-80.61087456879035;
2075;-80.62767190226808;
2076;-81.79429084185392;
2077;-81.95539812166446;
2078;-81.80135949534699;
2079;-82.13503298263319;
2080;-82.84154360498401;
2081;-83.46306266194114;
2082;-83.79551104368547;
2083;-84.27256526037694;
2084;-84.7982744191932;
2085;-84.34927793238178;
2086;-85.03666377118506;
2087;-87.99539294515334;
2088;-89.63814029836462;
2089;-92.8155842193617;
2090;-94.17220117842605;
2091;-96.08972375810764;
2092;-98.69361016409624;
2093;-101.48403080673747;
2094;-101.1888837026674;
2095;-100.71203288586668;
2096;-102.70405111649137;
2097;-104.24689639000002;
2098;-106.90926936325552;
2099;-108.4543038654168;
2100;-108.43252698467055;
2101;-111.73552890676955;
2102;-109.90962344047257;
2103;-110.0038584364128;
2104;-110.72857687383758;
2105;-110.75496219880193;
2106;-112.09629076256029;
2107;-117.90282564867091;
2108;-118.4220095034133;
2109;-117.9465575492154;
2110;-118.80431297536035;
2111;-120.81745141223804;
2112;-119.63409092976667;
2113;-123.64358178196754;
2114;-125.07481266371357;
2115;-125.64963829092055;
2116;-125.9736406967568;
2117;-126.83481341861554;
2118;-127.52701115053853;
2119;-128.3412308367559;
2120;-129.04787497366002;
2121;-128.68157316179935;
2122;-129.0942790121497;
2123;-129.21247048281256;
2124;-130.6879202703989;
2125;-130.9406064005137;
2126;-131.41581869197512;
2127;-131.8120519873037;
2128;-132.11128513747303;
2129;-132.56775122449287;
2130;-132.85377560854948;
2131;-134.65588568646712;
2132;-136.09734757519664;
2133;-135.87029958820813;
2134;-136.41276547027368;
2135;-134.97144514913714;
2136;-136.9610317530183;
2137;-137.09970764929196;
2138;-137.4202231844272;
2139;-137.63981955059722;
2140;-139.0659902697298;
2141;-138.75332175218574;
2142;-138.65081914842617;
2143;-138.69238453130976;
2144;-138.47499016693084;
2145;-137.66244926571161;
2146;-137.61863544539364;
2147;-137.82465178962542;
2148;-137.9088706824182;
2149;-138.16180567052328;
2150;-137.32531708451887;
2151;-137.44397361742423;
2152;-137.41189317289374;
2153;-137.5318782576859;
2154;-137.38032087712568;
2155;-137.3247661711612;
2156;-137.74682668736904;
2157;-135.94747732952666;
2158;-135.5090579804239;
2159;-135.80214126250266;
2160;-135.74375655774136;
2161;-136.44640451649605;
2162;-136.49946199837316;
2163;-137.14348671926234;
2164;-138.77513238648638;
2165;-138.5558224954773;
2166;-138.56616294555033;
2167;-138.64027761038133;
2168;-138.61446954379466;
2169;-138.23254552367953;
2170;-138.48065536847614;
2171;-139.75869641646716;
2172;-139.67136620257608;
2173;-140.98266306520924;
2174;-141.01061424441906;
2175;-141.4492398316281;
2176;-141.8846788910682;
2177;-141.40763265737877;
2178;-141.35783772503714;
2179;-141.1380986202414;
2180;-141.05942418434506;
2181;-140.1230933844235;
2182;-140.0538828030872;
2183;-140.15410232330382;
2184;-139.68547329258948;
2185;-138.22894100788795;
2186;-137.52842484006592;
2187;-137.60859070325802;
2188;-137.53234005998826;
2189;-137.58334713769324;
2190;-138.15788906722236;
2191;-138.45384285706535;
2192;-137.7476470176914;
2193;-137.3465677101073;
2194;-136.91392877177333;
2195;-136.84519608098773;
2196;-138.75916880489837;
2197;-139.56491753038446;
2198;-140.0598731135492;
2199;-139.7980295906739;
2200;-139.2275943370875;
2201;-139.36046785832687;
2202;-138.6923230712941;
2203;-138.06247514745758;
2204;-139.0661335627777;
2205;-139.60464379454507;
2206;-140.01157373946467;
2207;-139.7849428122161;
2208;-139.75398603597665;
2209;-139.7969395449755;
2210;-139.69876521661482;
2211;-139.6664238566883;
2212;-140.2218576459074;
2213;-140.23109068555183;
2214;-140.26295887634595;
2215;-140.39280655308266;
2216;-140.41902031385146;
2217;-140.21307967362247;
2218;-140.21796835506532;
2219;-139.42949993177754;
2220;-139.54206905458827;
2221;-139.44422339186224;
2222;-139.90474097242608;
2223;-140.5896513442715;
2224;-140.25577872083502;
2225;-138.8924085477775;
2226;-136.7059470231131;
2227;-136.27200076525241;
2228;-135.06608599242713;
2229;-132.7317526242565;
2230;-131.17688955826577;
2231;-130.04820621024191;
2232;-127.46463018898594;
2233;-126.07816734236567;
2234;-123.34854569569622;
2235;-121.63889682274446;
2236;-116.27343675952767;
2237;-113.5823943442757;
2238;-111.40292062767975;
2239;-112.04023997631153;
2240;-112.21161599967643;
2241;-112.25043313012708;
2242;-110.68918922682118;
2243;-105.39890971022793;
2244;-103.11485290544559;
2245;-103.28129649337802;
2246;-103.75829193604154;
2247;-102.80230133619801;
2248;-101.03380671916453;
2249;-100.61020911261963;
2250;-99.21538439042907;
2251;-98.46598671901909;
2252;-95.53674655803667;
2253;-95.18857439714944;
2254;-93.73127237727276;
2255;-93.1057120462726;
2256;-92.93914592123197;
2257;-92.72115942232979;
2258;-91.5217962842519;
2259;-90.50428185890499;
2260;-89.65127547627804;
2261;-89.06689808900398;
2262;-87.76498772523517;
2263;-86.98446713852849;
2264;-86.25830829319305;
2265;-86.05622127236173;
2266;-86.05037023591295;
2267;-85.56614597489279;
2268;-85.99788602514306;
2269;-86.0597269668641;
2270;-85.7611846126994;
2271;-85.72638507088172;
2272;-85.47895225799579;
2273;-85.25160331442054;
2274;-85.32394429400941;
2275;-85.12577619530722;
2276;-84.9474541012054;
2277;-84.41589035457248;
2278;-84.41641224807229;
2279;-84.44824562918808;
2280;-84.20507412095124;
2281;-84.28719578197426;
2282;-84.07997299253364;
2283;-84.13199795672759;
2284;-84.40671262101017;
2285;-85.10731419010082;
2286;-85.09431752495144;
2287;-85.04446463498101;
2288;-85.11049303627516;
2289;-84.9641965656;
2290;-84.88813456437671;
2291;-84.77324120044887;
2292;-84.0075187512173;
2293;-83.84998980191222;
2294;-83.46613885169886;
2295;-83.21253556998337;
2296;-82.80663619858373;
2297;-82.22630715855418;
2298;-82.10184281406613;
2299;-81.37780609888199;
2300;-81.35734313658995;
2301;-81.60324061347053;
2302;-81.58074542407387;
2303;-81.64082017540417;
2304;-81.2415066065825;
2305;-81.33206754984518;
2306;-81.1793554826018;
2307;-80.8471200416723;
2308;-81.00508274026666;
2309;-80.99356292710569;
2310;-81.14872893877742;
2311;-80.52767766485321;
2312;-80.52627278313274;
2313;-80.67904692572529;
2314;-80.63721892650456;
2315;-80.14693653601321;
2316;-79.81429913216427;
2317;-80.17529450181229;
2318;-81.36163701335622;
2319;-81.48205286953613;
2320;-81.14989963074002;
2321;-80.27542926949378;
2322;-80.52704975543816;
2323;-80.29727538160581;
2324;-80.42663985303241;
2325;-80.76493496486377;
2326;-80.87764506217995;
2327;-80.9016950654619;
2328;-81.16742103577532;
2329;-80.6177708151131;
2330;-80.75694748614676;
2331;-80.61002001070757;
2332;-80.40216888014625;
2333;-79.92196371493272;
2334;-79.76103113327669;
2335;-79.59878786631157;
2336;-79.42476779053129;
2337;-79.34257427137554;
2338;-79.41235333975919;
2339;-79.26229991245567;
2340;-79.3678010532325;
2341;-79.26594164056621;
2342;-79.2930373915581;
2343;-79.27956087223869;
2344;-79.33966539382621;
2345;-79.4868260698692;
2346;-79.35047349702216;
2347;-79.36375803635822;
2348;-79.30952139058594;
2349;-79.28810648222066;
2350;-79.03015834549004;
2351;-78.95625083258665;
2352;-78.97679612626536;
2353;-79.03532896151181;
2354;-78.81908845784534;
2355;-78.66413071838738;
2356;-78.5278793865485;
2357;-78.3009001345993;
2358;-78.20098948917632;
2359;-78.17249404435195;
2360;-78.19229203364637;
2361;-78.27998635522692;
2362;-78.29386888732155;
2363;-78.31885405851276;
2364;-78.17394756354778;
2365;-78.10030220479018;
2366;-77.99843234569632;
2367;-77.88150248440276;
2368;-78.01354594238802;
2369;-77.3557245578357;
2370;-76.92920931464076;
2371;-76.46504593595034;
2372;-76.4113942727327;
2373;-76.52374799096762;
2374;-76.52211685939264;
2375;-76.52592533096306;
2376;-76.55856220318486;
2377;-76.80628079521303;
2378;-76.96245487586897;
2379;-76.73778101844982;
2380;-76.94912097818137;
2381;-77.15527621393605;
2382;-77.19732892758206;
2383;-78.02411100900719;
2384;-78.6612683051869;
2385;-79.277147220838;
2386;-80.10848120123518;
2387;-81.02819029362978;
2388;-82.61025552313053;
2389;-84.40460043281296;
2390;-84.88769694411413;
2391;-86.91155609828371;
2392;-88.07345969504826;
2393;-89.6399693403607;
2394;-93.17748375833273;
2395;-94.84190725294692;
2396;-96.81309191710669;
2397;-98.7887933149213;
2398;-102.64717236056165;
2399;-104.61679899023243;
2400;-104.90169961256758;
2401;-107.77273263182788;
2402;-109.8635286486688;
2403;-113.527992752726;
2404;-116.734227091537;
2405;-120.26473115129293;
2406;-120.74265654928959;
2407;-123.82226053886106;
2408;-126.24573664463153;
2409;-127.9627414723281;
2410;-128.75351986877692;
2411;-129.35701334190617;
2412;-130.783563013163;
2413;-131.76147590406765;
2414;-133.0649283961385;
2415;-135.87384136279667;
2416;-138.7169824498107;
2417;-139.95734331461472;
2418;-139.90572083678418;
2419;-140.06149353417914;
2420;-141.9541928076136;
2421;-141.93438020459686;
2422;-141.99242706698888;
2423;-141.88322169466593;
2424;-141.9487340702204;
2425;-144.8657401189169;
2426;-144.6690332007184;
2427;-144.53407441240807;
2428;-144.81264832299124;
2429;-145.67246523318906;
2430;-146.96408661219655;
2431;-146.64237847386605;
2432;-146.85242312271075;
2433;-146.6549195621441;
2434;-146.612278232906;
2435;-146.50846937877253;
2436;-147.96751558352466;
2437;-147.9244113724074;
2438;-147.61059707032757;
2439;-147.8676661468691;
2440;-147.53392286597932;
2441;-145.5216051216672;
2442;-145.72983594657524;
2443;-145.3829758107048;
2444;-145.40741816254953;
2445;-146.35277353567866;
2446;-146.60193406120172;
2447;-146.83768027497354;
2448;-145.97898659337986;
2449;-146.21753341083476;
2450;-145.87410750072033;
2451;-146.31433090633618;
2452;-146.0759435884515;
2453;-146.30041468623938;
2454;-147.9541845260339;
2455;-148.9046286612346;
2456;-149.00633684393227;
2457;-149.24386996441018;
2458;-149.50243384076367;
2459;-149.90259576172207;
2460;-150.1584721640717;
2461;-149.57319202757344;
2462;-149.88348458721654;
2463;-150.08959288893874;
2464;-149.95965098981634;
2465;-149.88268677461633;
2466;-149.755834660074;
2467;-149.80517978632926;
2468;-149.71830451927408;
2469;-148.92585803554127;
2470;-149.2676355539237;
2471;-148.3054391021425;
2472;-147.3249745411543;
2473;-146.64918163506945;
2474;-145.18446375714447;
2475;-144.98408558280744;
2476;-144.6584313002028;
2477;-144.4913136943356;
2478;-143.73275370008204;
2479;-142.24714385451853;
2480;-141.3886363893379;
2481;-139.18133756605934;
2482;-136.6603717710598;
2483;-135.49125324255098;
2484;-132.92600114465117;
2485;-130.49564154439733;
2486;-128.38083828739468;
2487;-127.08364782072236;
2488;-126.27659278390144;
2489;-121.85212329602167;
2490;-114.0499159681307;
2491;-114.11309426306482;
2492;-114.79573926954977;
2493;-112.94636523342534;
2494;-109.95278256462255;
2495;-109.56446129993088;
2496;-105.22189122235916;
2497;-104.91669145217773;
2498;-102.41081970838178;
2499;-101.16385527563186;
2500;-99.14335149504832;
2501;-96.24684069967441;
2502;-94.3255366233355;
2503;-92.83190975571837;
2504;-91.5315098830533;
2505;-91.01524512966952;
2506;-90.23165028854797;
2507;-89.86419472411585;
2508;-89.51510026008472;
2509;-89.09252947456534;
2510;-87.59044213350148;
2511;-84.67618227804395;
2512;-85.15084448864285;
2513;-85.19668762020774;
2514;-84.71324206571605;
2515;-85.18665423035804;
2516;-85.25936490466327;
2517;-84.95108396223397;
2518;-84.15986250743093;
2519;-83.98922019841515;
2520;-84.640285738426;
2521;-85.5901743846584;
2522;-85.83039704253913;
2523;-85.75779584843642;
2524;-85.86989520782963;
2525;-86.08007206156987;
2526;-86.21374356844113;
2527;-86.74251238049341;
2528;-86.798319173378;
2529;-86.86292495073056;
2530;-86.72486440149716;
2531;-86.39595721880026;
2532;-86.07767640686947;
2533;-85.8070100055862;
2534;-85.72427849360271;
2535;-85.55462576940421;
2536;-85.50045331526539;
2537;-85.18830427460266;
2538;-84.95177487321506;
2539;-84.61236317419173;
2540;-84.10730289980017;
2541;-83.96035764018953;
2542;-83.73214431206371;
2543;-83.60685019068775;
2544;-83.54832939428766;
2545;-83.91597617812164;
2546;-83.83949351246234;
2547;-83.83079169594573;
2548;-83.73602887486878;
2549;-83.70760474672288;
2550;-83.5478810176497;
2551;-83.4987041261449;
2552;-83.47782392217842;
2553;-83.4837673036071;
2554;-83.47435105193325;
2555;-83.44424204039741;
2556;-83.37442744660628;
2557;-83.48889315668117;
2558;-83.4940564331313;
2559;-83.4827551107723;
2560;-83.5976360438227;
2561;-83.66310844964394;
2562;-83.8350454632754;
2563;-83.75338865302972;
2564;-83.52093070699232;
2565;-83.31068179992334;
2566;-83.35362851538198;
2567;-83.34474060877739;
2568;-83.10417041045964;
2569;-83.02112230495798;
2570;-82.93695002385581;
2571;-82.9200395137868;
2572;-82.91792506554872;
2573;-82.949701277855;
2574;-82.97202644409168;
2575;-83.13120599330327;
2576;-83.11034031442489;
2577;-83.04855124048926;
2578;-83.04365671499106;
2579;-83.01663209420299;
2580;-83.01683621390615;
2581;-83.06909230832136;
2582;-82.9421204932773;
2583;-82.7881210461949;
2584;-82.58245758021845;
2585;-82.48238254679174;
2586;-82.4243161853997;
2587;-82.39008000612111;
2588;-82.3337373368983;
2589;-82.23641533305437;
2590;-82.15299085319032;
2591;-82.13930268079966;
2592;-82.13487244573462;
2593;-82.0223920955128;
2594;-81.90145782827476;
2595;-81.92996530884642;
2596;-81.92670265908164;
2597;-81.98659589118019;
2598;-82.00583920748414;
2599;-82.00329392932996;
2600;-82.07814651275211;
2601;-82.20083539347553;
2602;-82.24351281740672;
2603;-82.17711491250822;
2604;-82.29840555967918;
2605;-82.36178143119332;
2606;-82.60578630959202;
2607;-82.74861077502871;
2608;-82.76071831225609;
2609;-82.8455027808924;
2610;-82.93189554844793;
2611;-83.00975119183717;
2612;-82.98848053017797;
2613;-82.98241702567499;
2614;-83.05092482918373;
2615;-82.94661976581263;
2616;-82.853398720654;
2617;-82.85654158486423;
2618;-82.86931290675564;
2619;-83.0050396548799;
2620;-83.12817939266247;
2621;-83.58682013312475;
2622;-84.09465457844445;
2623;-84.5749765651008;
2624;-85.06966333901661;
2625;-85.48465139111585;
2626;-85.94910084743503;
2627;-86.64480096421433;
2628;-87.36661988413057;
2629;-87.938512703035;
2630;-89.37956647054366;
2631;-90.95101460464677;
2632;-92.82678992799455;
2633;-95.52242585951201;
2634;-97.34021055861149;
2635;-97.99391108312876;
2636;-98.89472644766352;
2637;-103.169724194047;
2638;-105.11683516963508;
2639;-108.94463659867533;
2640;-110.39472442565034;
2641;-116.9570620241594;
2642;-116.50179305136723;
2643;-114.92577992794044;
2644;-116.55038763320353;
2645;-117.92675328033256;
2646;-119.21267861626055;
2647;-122.78524542963976;
2648;-123.43678468410307;
2649;-121.9440698654828;
2650;-121.9046156531347;
2651;-124.8205461576204;
2652;-128.20016047751403;
2653;-127.62341088355748;
2654;-128.8926685436656;
2655;-130.7055573867422;
2656;-131.4996223528715;
2657;-130.98141974405183;
2658;-130.6722134657539;
2659;-131.22019148789616;
2660;-132.4660755833923;
2661;-133.0832991893017;
2662;-133.73360235416703;
2663;-134.1815981349513;
2664;-134.48328052139345;
2665;-134.81104170537054;
2666;-135.60921533054054;
2667;-136.66304587951228;
2668;-137.3369153831542;
2669;-140.352819445361;
2670;-143.2760350957789;
2671;-145.20405387464263;
2672;-144.90667074547378;
2673;-146.35305542979074;
2674;-147.24446577202994;
2675;-146.58982851885537;
2676;-146.55840354733692;
2677;-146.11967086672428;
2678;-144.81801753176026;
2679;-145.55288560505076;
2680;-146.6282646111129;
2681;-147.47740428635973;
2682;-148.37768906368373;
2683;-148.28476181832613;
2684;-148.19118231909167;
2685;-147.79752835121826;
2686;-147.66196521110163;
2687;-146.59563553744843;
2688;-146.45039288202082;
2689;-145.06332522370212;
2690;-145.0886732803062;
2691;-144.6753805197195;
2692;-144.87627820941898;
2693;-144.9219040053362;
2694;-143.04569568481008;
2695;-144.1955126665229;
2696;-145.8846081710108;
2697;-145.8619902960478;
2698;-145.79562909515482;
2699;-143.48121094536754;
2700;-143.87771883498414;
2701;-144.29196481830604;
2702;-143.13707232972766;
2703;-143.9804539657158;
2704;-144.17687139364045;
2705;-144.57585330384876;
2706;-142.3796844525933;
2707;-143.31455627392813;
2708;-143.74720211519085;
2709;-144.13279001276842;
2710;-144.17409305135058;
2711;-144.86846253547756;
2712;-144.97355758150326;
2713;-143.15722769214764;
2714;-144.7752271267707;
2715;-145.00486498627154;
2716;-145.61346038135454;
2717;-146.02577534736193;
2718;-145.22877639167567;
2719;-144.9769730224556;
2720;-144.00762224354355;
2721;-144.27782271398158;
2722;-145.1219205283715;
2723;-145.06642479011003;
2724;-145.85021656241426;
2725;-146.47648628920146;
2726;-146.0917097718574;
2727;-145.68829603652955;
2728;-145.45785896410837;
2729;-145.60157241349927;
2730;-145.84365483998442;
2731;-146.95265227185928;
2732;-147.18044313062757;
2733;-147.05278283140362;
2734;-146.80467198569227;
2735;-146.8861374022517;
2736;-146.37817439068868;
2737;-145.04996975227644;
2738;-143.9127000761507;
2739;-144.0158926942092;
2740;-142.62636652654334;
2741;-141.52722401279098;
2742;-138.2551449047919;
2743;-135.2672786240585;
2744;-134.63303146196682;
2745;-130.933308076697;
2746;-129.48728422343837;
2747;-126.79100463806647;
2748;-126.16313257224562;
2749;-120.39981636674857;
2750;-119.05592730612976;
2751;-117.50133609287498;
2752;-116.99850013774234;
2753;-112.02625943097674;
2754;-110.94234592101597;
2755;-107.11600987145682;
2756;-105.93470709285316;
2757;-104.97941840624287;
2758;-104.05434020033249;
2759;-102.53859099963357;
2760;-98.72140355678259;
2761;-97.7588058928013;
2762;-97.37202290531458;
2763;-94.11615416839066;
2764;-92.67170438912139;
2765;-92.17819895672349;
2766;-90.31924778063377;
2767;-89.47308446469722;
2768;-88.40615997974692;
2769;-87.46017380331564;
2770;-86.88966992818527;
2771;-86.6269756452532;
2772;-85.69564850062979;
2773;-85.04428376425027;
2774;-84.20688432434171;
2775;-83.26530004889494;
2776;-83.65249048682415;
2777;-83.52292351425486;
2778;-83.02226430544546;
2779;-82.46890772844597;
2780;-81.40210671814805;
2781;-81.11220345372338;
2782;-80.98734531915231;
2783;-80.66694607873366;
2784;-79.80369533832581;
2785;-79.82214695744563;
2786;-79.68717331010363;
2787;-79.88390757003626;
2788;-79.95340182620447;
2789;-80.00822212661168;
2790;-80.05439884780824;
2791;-80.17470618063113;
2792;-80.27555856750317;
2793;-80.27401077788718;
2794;-80.3377499026069;
2795;-80.48649011221124;
2796;-80.41781999477644;
2797;-80.34386085624615;
2798;-80.18207722270967;
2799;-80.24816801614266;
2800;-80.30884461260172;
2801;-80.32558044800601;
2802;-80.40477183550212;
2803;-80.56527473827605;
2804;-80.50065390976918;
2805;-80.63867627727907;
2806;-80.76741212810957;
2807;-80.77531550479839;
2808;-80.93393787356645;
2809;-80.7289365829337;
2810;-80.67937588708246;
2811;-80.69486918301553;
2812;-80.6784716963437;
2813;-80.68032517444951;
2814;-80.56411161947499;
2815;-80.75481482026296;
2816;-80.83238741899048;
2817;-80.73741330641309;
2818;-80.68034563456098;
2819;-80.59304117689663;
2820;-80.47179899388462;
2821;-80.46470942456752;
2822;-80.46846055440095;
2823;-80.36068019867085;
2824;-80.16953817544614;
2825;-79.98446459548074;
2826;-80.15205750944733;
2827;-80.05579304329791;
2828;-80.091085019762;
2829;-80.15183903531585;
2830;-80.0409631818023;
2831;-80.11852742225581;
2832;-80.21283908626657;
2833;-80.27195531285189;
2834;-80.28969374342319;
2835;-80.24938766773913;
2836;-80.15937682088442;
2837;-80.04008393733913;
2838;-79.9404880011073;
2839;-79.87398241173588;
2840;-79.90585963991721;
2841;-79.8888548473786;
2842;-79.96376579310119;
2843;-80.39800893492303;
2844;-80.4762568292465;
2845;-80.44730785479321;
2846;-80.71975469300892;
2847;-80.82710005838224;
2848;-80.86094154843659;
2849;-80.86459431474499;
2850;-80.87863751308821;
2851;-80.89609285776343;
2852;-80.87182326768652;
2853;-80.87125333549979;
2854;-80.90078413999707;
2855;-80.83344951345417;
2856;-80.73413398342159;
2857;-80.69544145835472;
2858;-80.64088995798552;
2859;-80.3735371411;
2860;-80.256997224153;
2861;-80.09575037967345;
2862;-80.09387410475613;
2863;-80.1723143283551;
2864;-80.35809986243996;
2865;-80.36172717736923;
2866;-80.52098486047049;
2867;-80.63627748280177;
2868;-80.8503972353138;
2869;-81.15900655197711;
2870;-81.3385332459348;
2871;-81.93848617177595;
2872;-82.5586871538958;
2873;-83.3974538546117;
2874;-83.77556104684088;
2875;-83.98084278164674;
2876;-85.38453661801456;
2877;-85.40720684598672;
2878;-86.37079237952764;
2879;-88.7170429196476;
2880;-91.32460812729725;
2881;-93.75407992741641;
2882;-97.10989400134197;
2883;-100.12312304261877;
2884;-104.7874693955953;
2885;-106.39217492357673;
2886;-112.81037055905568;
2887;-109.74839300234369;
2888;-114.90786736754413;
2889;-116.09566385188825;
2890;-118.97058527080299;
2891;-120.09787685706328;
2892;-123.31176583869285;
2893;-124.59774766810847;
2894;-128.5424712900267;
2895;-131.57871882906014;
2896;-132.36880545357604;
2897;-133.80055827047562;
2898;-135.0283045674027;
2899;-135.89387718264706;
2900;-135.76251433984945;
2901;-136.51018127437658;
2902;-136.85146323557655;
2903;-137.5793202138933;
2904;-138.4877983448078;
2905;-139.04162128024626;
2906;-140.81364500528412;
2907;-141.7030767066886;
